,p_match,inns,bat,p_bat,team_bat,bowl,p_bowl,team_bowl,ball,ball_id,outcome,score,out,dismissal,p_out,over,ball.1,noball,wide,byes,legbyes,cur_bat_runs,cur_bat_bf,cur_bowl_ovr,cur_bowl_wkts,cur_bowl_runs,inns_runs,inns_wkts,inns_balls,inns_runs_rem,inns_balls_rem,inns_rr,inns_rrr,target,max_balls,date,year,ground,country,winner,toss,competition,bat_hand,bowl_style,bowl_kind,batruns,ballfaced,bowlruns,bat_out,wagonX,wagonY,wagonZone,pitchLine,pitchLength,shotType
165211,1003857,1,Farhaan Behardien,44410,Titans,Imran Tahir,40618,Dolphins,12,1003857_1_17_12,run,1,False,,44410,17,12,0,0,0,0,29,18,4.0,1,38,144,3,102,,0,8.47,,,0,2016-11-20,2016,"Mangaung Oval, Bloemfontein",South Africa,Titans,Dolphins,CSA T20 Challenge,RHB,LBG,spin bowler,1,1,1,True,0,0,0,,,
328978,851935,1,Keshav Maharaj,267724,Dolphins,Hardus Viljoen,375126,Lions,13,851935_1_17_13,run,1,False,,267724,17,13,0,0,0,0,12,10,4.0,1,37,126,6,102,,0,7.41,,,0,2015-11-04,2015,"Kingsmead, Durban",South Africa,Dolphins,Lions,Ram Slam T20 Challenge,RHB,RF,pace bowler,1,1,1,True,0,0,0,,,
328979,851935,1,Keshav Maharaj,267724,Dolphins,Hardus Viljoen,375126,Lions,12,851935_1_18_12,four,4,False,,267724,18,12,0,0,0,0,11,9,3.5,1,36,125,6,107,,0,7.0,,,0,2015-11-04,2015,"Kingsmead, Durban",South Africa,Dolphins,Lions,Ram Slam T20 Challenge,RHB,RF,pace bowler,4,1,4,True,0,0,0,,,
428555,1253131,1,Aruna Dharmasena,710433,Panadura Sports Club,Maheesh Theekshana,1138316,Sri Lanka Army,12,1253131_1_4_12,no run,0,False,,710433,4,12,0,0,0,0,3,7,2.0,1,4,11,2,24,,0,2.75,,,0,2021-03-07,2021,"Nondescripts Cricket Club Ground, Colombo",Sri Lanka,Sri Lanka Army Sports Club,Sri Lanka Army Sports Club,SLC T20,RHB,OB,spin bowler,0,1,0,True,0,0,0,,,
622199,1318342,2,Keshan Wanniarachchi,1027853,Kurunegala Youth Cricket Club,Sachithra Senanayake,273439,Sri Lanka Navy Sports Club,12,1318342_2_1_12,no run,0,False,,1027853,1,12,0,0,0,0,0,2,1.0,1,1,1,1,6,131.0,114,1.0,6.89,132.0,120,2022-06-12,2022,"P Sara Oval, Colombo",Sri Lanka,Sri Lanka Navy Sports Club,Kurunegala Youth Cricket Club,Clubs T20,LHB,OB,spin bowler,0,1,0,True,0,0,0,,,
672073,1137476,1,Sachitha Jayathilake,727399,Police Sports Club,Himesh Ramanayake,824537,Burgher Recreation Club,12,1137476_1_9_12,no run,0,False,,727399,9,12,0,0,0,0,0,2,2.4,1,19,55,5,52,,0,6.34,,,0,2018-03-01,2018,"Nondescripts Cricket Club Ground, Colombo",Sri Lanka,Burgher Recreation Club,Police Sports Club,SLC Twenty-20 Tournament,RHB,RMF,pace bowler,0,1,0,True,0,0,0,,,
672074,1137476,1,Sachitha Jayathilake,727399,Police Sports Club,Himesh Ramanayake,824537,Burgher Recreation Club,13,1137476_1_9_13,no run,0,False,,727399,9,13,0,0,0,0,0,3,2.5,1,19,55,5,53,,0,6.22,,,0,2018-03-01,2018,"Nondescripts Cricket Club Ground, Colombo",Sri Lanka,Burgher Recreation Club,Police Sports Club,SLC Twenty-20 Tournament,RHB,RMF,pace bowler,0,1,0,True,0,0,0,,,
672075,1137476,1,Sachitha Jayathilake,727399,Police Sports Club,Himesh Ramanayake,824537,Burgher Recreation Club,14,1137476_1_9_14,no run,0,False,,727399,9,14,0,0,0,0,0,4,3.0,1,19,55,5,54,,0,6.11,,,0,2018-03-01,2018,"Nondescripts Cricket Club Ground, Colombo",Sri Lanka,Burgher Recreation Club,Police Sports Club,SLC Twenty-20 Tournament,RHB,RMF,pace bowler,0,1,0,True,0,0,0,,,
672740,1137476,1,Sachitha Jayathilake,727399,Police Sports Club,Chamikara Edirisinghe,414677,Burgher Recreation Club,12,1137476_1_11_12,no run,0,False,,727399,11,12,0,0,0,0,2,9,2.0,1,9,67,6,66,,0,6.09,,,0,2018-03-01,2018,"Nondescripts Cricket Club Ground, Colombo",Sri Lanka,Burgher Recreation Club,Police Sports Club,SLC Twenty-20 Tournament,RHB,SLA,spin bowler,0,1,0,True,0,0,0,,,
673329,1174798,2,Dushan Vimukthi,697159,Sri Lanka Army,Ishan Jayaratne,301871,Ragama Cricket Club,12,1174798_2_16_12,no run,0,False,,697159,16,12,0,0,0,0,0,1,3.0,2,13,117,7,96,44.0,24,7.31,11.0,161.0,120,2019-02-21,2019,"FTZ Sports Complex (Board of Investment), Katunayake",Sri Lanka,Ragama Cricket Club,Sri Lanka Army Sports Club,SLC T20,RHB,RFM,pace bowler,0,1,0,True,0,0,0,,,
676220,1137472,1,Dinushka Malan,1070063,Lankan Cricket Club,Dilruwan Perera,49920,Colts Cricket Club,12,1137472_1_16_12,four,4,False,,1070063,16,12,0,0,0,0,30,26,1.0,0,7,71,6,96,,0,4.43,,,0,2018-03-01,2018,"Burgher Recreation Club Ground, Colombo",Sri Lanka,Colts Cricket Club,Colts Cricket Club,SLC Twenty-20 Tournament,RHB,OB,spin bowler,4,1,4,True,0,0,0,,,
683883,1211872,1,Chanaka Wijesinghe,50996,Kandy Customs Cricket Club,Amila Aponso,429748,Ragama Cricket Club,12,1211872_1_7_12,no run,0,False,,50996,7,12,0,0,0,0,4,10,0.5,0,2,21,3,41,,0,3.07,,,0,2020-01-06,2020,Colombo Cricket Club Ground,Sri Lanka,Ragama Cricket Club,Kandy Customs Cricket Club,SLC T20,RHB,SLA,spin bowler,0,1,0,True,0,0,0,,,
683884,1211872,1,Chanaka Wijesinghe,50996,Kandy Customs Cricket Club,Amila Aponso,429748,Ragama Cricket Club,13,1211872_1_7_13,no run,0,False,,50996,7,13,0,0,0,0,9,13,1.0,0,2,30,3,42,,0,4.28,,,0,2020-01-06,2020,Colombo Cricket Club Ground,Sri Lanka,Ragama Cricket Club,Kandy Customs Cricket Club,SLC T20,RHB,SLA,spin bowler,0,1,0,True,0,0,0,,,
683888,1211872,1,Chanaka Wijesinghe,50996,Kandy Customs Cricket Club,Amila Aponso,429748,Ragama Cricket Club,12,1211872_1_9_12,no run,0,False,,50996,9,12,0,0,0,0,10,17,1.5,0,4,32,3,53,,0,3.62,,,0,2020-01-06,2020,Colombo Cricket Club Ground,Sri Lanka,Ragama Cricket Club,Kandy Customs Cricket Club,SLC T20,RHB,SLA,spin bowler,0,1,0,True,0,0,0,,,
683889,1211872,1,Chanaka Wijesinghe,50996,Kandy Customs Cricket Club,Amila Aponso,429748,Ragama Cricket Club,13,1211872_1_9_13,no run,0,False,,50996,9,13,0,0,0,0,11,21,2.0,0,4,41,3,54,,0,4.55,,,0,2020-01-06,2020,Colombo Cricket Club Ground,Sri Lanka,Ragama Cricket Club,Kandy Customs Cricket Club,SLC T20,RHB,SLA,spin bowler,0,1,0,True,0,0,0,,,
698917,1272214,2,Nipun Dananjaya,1126082,SLC Reds,Matheesha Pathirana,1194795,SLC Greys,12,1272214_2_14_12,four,4,False,,1126082,14,12,0,0,0,0,4,1,3.0,2,28,117,5,84,85.0,36,8.35,14.16,202.0,120,2021-08-24,2021,Pallekele International Cricket Stadium,Sri Lanka,SLC Greys,SLC Greys,SLC T20,LHB,RM,pace bowler,4,1,4,True,0,0,0,,,
713221,1137456,1,Malith Cooray,386509,Kurunegala Youth Cricket Club,Kosala Kulasekara,49477,Moors Sports Club,12,1137456_1_6_12,run,1,False,,386509,6,12,0,0,0,0,3,6,2.0,0,11,44,2,36,,0,7.33,,,0,2018-02-25,2018,"Army Ground, Panagoda",Sri Lanka,Moors Sports Club,Kurunegala Youth Cricket Club,SLC Twenty-20 Tournament,RHB,RFM,pace bowler,1,1,1,True,0,0,0,,,
714060,1137467,1,Charith Mendis,793003,Kurunegala Youth Cricket Club,Alankara Asanka Silva,229060,Badureliya Sports Club,12,1137467_1_4_12,no run,0,False,,793003,4,12,0,0,0,0,7,8,1.3,0,9,12,1,22,,0,3.27,,,0,2018-02-27,2018,"Burgher Recreation Club Ground, Colombo",Sri Lanka,Badureliya Sports Club,Badureliya Sports Club,SLC Twenty-20 Tournament,RHB,OB,spin bowler,0,1,0,True,0,0,0,,,
714061,1137467,1,Charith Mendis,793003,Kurunegala Youth Cricket Club,Alankara Asanka Silva,229060,Badureliya Sports Club,13,1137467_1_4_13,four,4,False,,793003,4,13,0,0,0,0,11,9,1.4,0,13,16,1,23,,0,4.17,,,0,2018-02-27,2018,"Burgher Recreation Club Ground, Colombo",Sri Lanka,Badureliya Sports Club,Badureliya Sports Club,SLC Twenty-20 Tournament,RHB,OB,spin bowler,4,1,4,True,0,0,0,,,
714062,1137467,1,Charith Mendis,793003,Kurunegala Youth Cricket Club,Alankara Asanka Silva,229060,Badureliya Sports Club,14,1137467_1_4_14,run,1,False,,793003,4,14,0,0,0,0,12,10,2.0,1,14,23,2,24,,0,5.75,,,0,2018-02-27,2018,"Burgher Recreation Club Ground, Colombo",Sri Lanka,Badureliya Sports Club,Badureliya Sports Club,SLC Twenty-20 Tournament,RHB,OB,spin bowler,1,1,1,True,0,0,0,,,
742862,1137460,1,Dilasri Lokubandara,1130467,Negambo Cricket Club,Vinodh Perera,345831,Panadura Sports Club,12,1137460_1_2_12,run,1,False,,1130467,2,12,0,0,0,0,16,9,1.0,0,12,18,0,12,,0,9.0,,,0,2018-02-27,2018,"FTZ Sports Complex (Board of Investment), Katunayake",Sri Lanka,Negambo Cricket Club,Negambo Cricket Club,SLC Twenty-20 Tournament,RHB,RMF,pace bowler,1,1,1,True,0,0,0,,,
743660,1211857,1,Upul Indrasiri,51083,Negombo Cricket Club,Aravinda Premaratne,543532,Sri Lanka Air Force Sports Club,12,1211857_1_13_12,run,1,False,,51083,13,12,0,0,0,0,2,4,4.0,1,14,68,6,78,,0,5.23,,,0,2020-01-04,2020,"Colts Cricket Club Ground, Colombo",Sri Lanka,Sri Lanka Air Force Sports Club,Sri Lanka Air Force Sports Club,SLC T20,LHB,OB,spin bowler,1,1,1,True,0,0,0,,,
743677,1211857,1,Sheshan Fernando,1136630,Negombo Cricket Club,Aravinda Premaratne,543532,Sri Lanka Air Force Sports Club,12,1211857_1_11_12,run,1,False,,1136630,11,12,0,0,0,0,1,3,3.0,1,10,61,5,66,,0,5.54,,,0,2020-01-04,2020,"Colts Cricket Club Ground, Colombo",Sri Lanka,Sri Lanka Air Force Sports Club,Sri Lanka Air Force Sports Club,SLC T20,RHB,OB,spin bowler,1,1,1,True,0,0,0,,,
755724,1137460,1,Sandun Dias,48480,Negambo Cricket Club,Tharindu Maduranga,1137745,Panadura Sports Club,12,1137460_1_6_12,run,1,False,,48480,6,12,0,0,0,0,6,4,2.0,1,15,51,1,36,,0,8.5,,,0,2018-02-27,2018,"FTZ Sports Complex (Board of Investment), Katunayake",Sri Lanka,Negambo Cricket Club,Negambo Cricket Club,SLC Twenty-20 Tournament,RHB,SLA,spin bowler,1,1,1,True,0,0,0,,,
757590,1174781,1,Asantha Basnayake,1173758,Panadura Sports Club,Nimanda Madushanka,839811,Moors Sports Club,12,1174781_1_14_12,run,1,False,,1173758,14,12,0,0,0,0,10,12,1.0,0,9,105,6,84,,0,7.5,,,0,2019-02-19,2019,"Nondescripts Cricket Club Ground, Colombo",Sri Lanka,Moors Sports Club,Panadura Sports Club,SLC T20,LHB,RFM,pace bowler,1,1,1,True,0,0,0,,,
758833,854861,1,Nipun Karunanayake,346769,Bloomfield Cricket and Athletic Club,Farveez Maharoof,49638,Nondescripts Cricket Club,12,854861_1_16_12,no run,0,False,,346769,16,12,0,0,0,0,6,7,2.0,1,15,121,7,96,,0,7.56,,,0,2015-04-05,2015,"Colts Cricket Club Ground, Colombo",Sri Lanka,Nondescripts Cricket Club,Nondescripts Cricket Club,SLC Twenty-20 Tournament,LHB,RFM,pace bowler,0,1,0,True,0,0,0,,,
761308,1137477,1,Kusal Edussooriya,1070060,Sri Lanka Navy Sports Club,Sahan Adeesha,945063,Moors Sports Club,21,1137477_1_4_21,no run,0,False,,1070060,4,21,0,0,0,0,0,1,0.1,0,0,11,1,21,,0,3.14,,,0,2018-03-01,2018,"Nondescripts Cricket Club Ground, Colombo",Sri Lanka,Moors Sports Club,Sri Lanka Navy Sports Club,SLC Twenty-20 Tournament,RHB,RMF,pace bowler,0,1,0,True,0,0,0,,,
761309,1137477,1,Kusal Edussooriya,1070060,Sri Lanka Navy Sports Club,Sahan Adeesha,945063,Moors Sports Club,22,1137477_1_4_22,four,4,False,,1070060,4,22,0,0,0,0,4,2,0.2,0,4,15,1,22,,0,4.09,,,0,2018-03-01,2018,"Nondescripts Cricket Club Ground, Colombo",Sri Lanka,Moors Sports Club,Sri Lanka Navy Sports Club,SLC Twenty-20 Tournament,RHB,RMF,pace bowler,4,1,4,True,0,0,0,,,
761310,1137477,1,Kusal Edussooriya,1070060,Sri Lanka Navy Sports Club,Sahan Adeesha,945063,Moors Sports Club,23,1137477_1_4_23,four,4,False,,1070060,4,23,0,0,0,0,8,3,0.3,0,8,19,1,23,,0,4.95,,,0,2018-03-01,2018,"Nondescripts Cricket Club Ground, Colombo",Sri Lanka,Moors Sports Club,Sri Lanka Navy Sports Club,SLC Twenty-20 Tournament,RHB,RMF,pace bowler,4,1,4,True,0,0,0,,,
761311,1137477,1,Kusal Edussooriya,1070060,Sri Lanka Navy Sports Club,Sahan Adeesha,945063,Moors Sports Club,24,1137477_1_4_24,no run,0,False,,1070060,4,24,0,0,0,0,8,4,1.0,0,13,25,1,24,,0,6.25,,,0,2018-03-01,2018,"Nondescripts Cricket Club Ground, Colombo",Sri Lanka,Moors Sports Club,Sri Lanka Navy Sports Club,SLC Twenty-20 Tournament,RHB,RMF,pace bowler,0,1,0,True,0,0,0,,,
762646,1137472,1,Chanaka Ruwansiri,361162,Lankan Cricket Club,Nisala Tharaka,465789,Colts Cricket Club,12,1137472_1_5_12,no run,0,False,,361162,5,12,0,0,0,0,0,2,0.5,0,6,19,2,29,,0,3.93,,,0,2018-03-01,2018,"Burgher Recreation Club Ground, Colombo",Sri Lanka,Colts Cricket Club,Colts Cricket Club,SLC Twenty-20 Tournament,RHB,RMF,pace bowler,0,1,0,True,0,0,0,,,
762647,1137472,1,Chanaka Ruwansiri,361162,Lankan Cricket Club,Nisala Tharaka,465789,Colts Cricket Club,13,1137472_1_5_13,no run,0,False,,361162,5,13,0,0,0,0,0,3,1.0,0,6,19,2,30,,0,3.8,,,0,2018-03-01,2018,"Burgher Recreation Club Ground, Colombo",Sri Lanka,Colts Cricket Club,Colts Cricket Club,SLC Twenty-20 Tournament,RHB,RMF,pace bowler,0,1,0,True,0,0,0,,,
762649,1137472,1,Chanaka Ruwansiri,361162,Lankan Cricket Club,Nisala Tharaka,465789,Colts Cricket Club,12,1137472_1_7_12,out,0,True,caught,361162,7,12,0,0,0,0,1,7,2.0,2,8,22,5,42,,0,3.14,,,0,2018-03-01,2018,"Burgher Recreation Club Ground, Colombo",Sri Lanka,Colts Cricket Club,Colts Cricket Club,SLC Twenty-20 Tournament,RHB,RMF,pace bowler,0,1,0,True,0,0,0,,,
762666,1137472,1,Dinushka Malan,1070063,Lankan Cricket Club,Nisala Tharaka,465789,Colts Cricket Club,12,1137472_1_9_12,run,1,False,,1070063,9,12,0,0,0,0,8,4,2.5,2,18,32,5,53,,0,3.62,,,0,2018-03-01,2018,"Burgher Recreation Club Ground, Colombo",Sri Lanka,Colts Cricket Club,Colts Cricket Club,SLC Twenty-20 Tournament,RHB,RMF,pace bowler,1,1,1,True,0,0,0,,,
765067,1211857,1,Sahan Adeesha,945063,Negombo Cricket Club,Lasanda Rukmal,543548,Sri Lanka Air Force Sports Club,21,1211857_1_19_21,four,4,False,,945063,19,21,0,0,0,0,4,1,4.0,2,29,113,8,114,,0,5.94,,,0,2020-01-04,2020,"Colts Cricket Club Ground, Colombo",Sri Lanka,Sri Lanka Air Force Sports Club,Sri Lanka Air Force Sports Club,SLC T20,RHB,RMF,pace bowler,4,1,4,True,0,0,0,,,
765098,1211857,1,Upul Indrasiri,51083,Negombo Cricket Club,Lasanda Rukmal,543548,Sri Lanka Air Force Sports Club,17,1211857_1_19_17,no run,0,False,,51083,19,17,0,0,0,0,7,12,3.2,1,19,87,7,110,,0,4.74,,,0,2020-01-04,2020,"Colts Cricket Club Ground, Colombo",Sri Lanka,Sri Lanka Air Force Sports Club,Sri Lanka Air Force Sports Club,SLC T20,LHB,RMF,pace bowler,0,1,0,True,0,0,0,,,
765099,1211857,1,Upul Indrasiri,51083,Negombo Cricket Club,Lasanda Rukmal,543548,Sri Lanka Air Force Sports Club,18,1211857_1_19_18,four,4,False,,51083,19,18,0,0,0,0,11,13,3.3,1,23,91,7,111,,0,4.91,,,0,2020-01-04,2020,"Colts Cricket Club Ground, Colombo",Sri Lanka,Sri Lanka Air Force Sports Club,Sri Lanka Air Force Sports Club,SLC T20,LHB,RMF,pace bowler,4,1,4,True,0,0,0,,,
765100,1211857,1,Upul Indrasiri,51083,Negombo Cricket Club,Lasanda Rukmal,543548,Sri Lanka Air Force Sports Club,19,1211857_1_19_19,run,2,False,,51083,19,19,0,0,0,0,13,14,3.4,1,25,93,7,112,,0,4.98,,,0,2020-01-04,2020,"Colts Cricket Club Ground, Colombo",Sri Lanka,Sri Lanka Air Force Sports Club,Sri Lanka Air Force Sports Club,SLC T20,LHB,RMF,pace bowler,2,1,2,True,0,0,0,,,
765101,1211857,1,Upul Indrasiri,51083,Negombo Cricket Club,Lasanda Rukmal,543548,Sri Lanka Air Force Sports Club,20,1211857_1_19_20,out,0,True,caught,51083,19,20,0,0,0,0,15,18,3.5,2,25,109,8,113,,0,5.78,,,0,2020-01-04,2020,"Colts Cricket Club Ground, Colombo",Sri Lanka,Sri Lanka Air Force Sports Club,Sri Lanka Air Force Sports Club,SLC T20,LHB,RMF,pace bowler,0,1,0,True,0,0,0,,,
765111,1211857,1,Angelo Jayasinghe,437318,Negombo Cricket Club,Lasanda Rukmal,543548,Sri Lanka Air Force Sports Club,12,1211857_1_3_12,no run,0,False,,437318,3,12,0,0,0,0,0,2,1.5,0,10,10,0,17,,0,3.52,,,0,2020-01-04,2020,"Colts Cricket Club Ground, Colombo",Sri Lanka,Sri Lanka Air Force Sports Club,Sri Lanka Air Force Sports Club,SLC T20,RHB,RMF,pace bowler,0,1,0,True,0,0,0,,,
765112,1211857,1,Angelo Jayasinghe,437318,Negombo Cricket Club,Lasanda Rukmal,543548,Sri Lanka Air Force Sports Club,13,1211857_1_3_13,run,1,False,,437318,3,13,0,0,0,0,2,4,2.0,0,11,23,1,18,,0,7.66,,,0,2020-01-04,2020,"Colts Cricket Club Ground, Colombo",Sri Lanka,Sri Lanka Air Force Sports Club,Sri Lanka Air Force Sports Club,SLC T20,RHB,RMF,pace bowler,1,1,1,True,0,0,0,,,
765125,1211857,1,Lakshitha Manasinghe,978501,Negombo Cricket Club,Lasanda Rukmal,543548,Sri Lanka Air Force Sports Club,15,1211857_1_19_15,wide,1,False,,978501,19,15,0,1,0,0,0,0,3.0,1,18,86,7,108,,0,4.77,,,0,2020-01-04,2020,"Colts Cricket Club Ground, Colombo",Sri Lanka,Sri Lanka Air Force Sports Club,Sri Lanka Air Force Sports Club,SLC T20,LHB,RMF,pace bowler,0,0,1,True,0,0,0,,,
765126,1211857,1,Lakshitha Manasinghe,978501,Negombo Cricket Club,Lasanda Rukmal,543548,Sri Lanka Air Force Sports Club,16,1211857_1_19_16,run,1,False,,978501,19,16,0,0,0,0,1,1,3.1,1,19,87,7,109,,0,4.78,,,0,2020-01-04,2020,"Colts Cricket Club Ground, Colombo",Sri Lanka,Sri Lanka Air Force Sports Club,Sri Lanka Air Force Sports Club,SLC T20,LHB,RMF,pace bowler,1,1,1,True,0,0,0,,,
765185,1211857,1,Dilshan Munaweera,304735,Negombo Cricket Club,Suminda Lakshan,1077063,Sri Lanka Air Force Sports Club,12,1211857_1_5_12,no run,0,False,,304735,5,12,0,0,0,0,31,19,1.0,0,11,41,1,30,,0,8.2,,,0,2020-01-04,2020,"Colts Cricket Club Ground, Colombo",Sri Lanka,Sri Lanka Air Force Sports Club,Sri Lanka Air Force Sports Club,SLC T20,RHB,LB,spin bowler,0,1,0,True,0,0,0,,,
765465,1211857,1,Upul Indrasiri,51083,Negombo Cricket Club,Suminda Lakshan,1077063,Sri Lanka Air Force Sports Club,12,1211857_1_15_12,no run,0,False,,51083,15,12,0,0,0,0,5,9,2.0,0,17,79,6,90,,0,5.26,,,0,2020-01-04,2020,"Colts Cricket Club Ground, Colombo",Sri Lanka,Sri Lanka Air Force Sports Club,Sri Lanka Air Force Sports Club,SLC T20,LHB,LB,spin bowler,0,1,0,True,0,0,0,,,
766144,1211856,1,Shehan Jayasuriya,422965,Chilaw Marians Cricket Club,Avindu Theekshana,792525,Kurunegala Youth Cricket Club,12,1211856_1_8_12,four,4,False,,422965,8,12,0,0,0,0,18,11,3.0,0,18,79,1,48,,0,9.87,,,0,2020-01-04,2020,"Sinhalese Sports Club Ground, Colombo",Sri Lanka,Chilaw Marians Cricket Club,Chilaw Marians Cricket Club,SLC T20,LHB,-,mixture/unknown,4,1,4,True,0,0,0,,,
766628,1211856,1,Kamindu Mendis,784373,Chilaw Marians Cricket Club,Lahiru Jayaratne,345820,Kurunegala Youth Cricket Club,12,1211856_1_10_12,no run,0,False,,784373,10,12,0,0,0,0,51,31,2.0,0,18,106,1,60,,0,10.6,,,0,2020-01-04,2020,"Sinhalese Sports Club Ground, Colombo",Sri Lanka,Chilaw Marians Cricket Club,Chilaw Marians Cricket Club,SLC T20,LHB,RMF,pace bowler,0,1,0,True,0,0,0,,,
766849,1211894,2,Suminda Lakshan,1077063,Sri Lanka Air Force Sports Club,Aravinda Akurugoda,786923,Kurunegala Youth Cricket Club,29,1211894_2_12_29,run,1,False,,1077063,12,29,0,0,0,0,1,1,2.0,0,21,86,2,71,71.0,49,7.26,8.69,157.0,120,2020-01-10,2020,"Sinhalese Sports Club Ground, Colombo",Sri Lanka,Sri Lanka Air Force Sports Club,Sri Lanka Air Force Sports Club,SLC T20,RHB,LB,spin bowler,1,1,1,True,0,0,0,,,
766865,1211894,2,Shabik Ifthary,1210069,Sri Lanka Air Force Sports Club,Aravinda Akurugoda,786923,Kurunegala Youth Cricket Club,25,1211894_2_12_25,four,4,False,,1210069,12,25,0,0,0,0,26,19,1.2,0,13,78,2,67,79.0,53,6.98,8.94,157.0,120,2020-01-10,2020,"Sinhalese Sports Club Ground, Colombo",Sri Lanka,Sri Lanka Air Force Sports Club,Sri Lanka Air Force Sports Club,SLC T20,RHB,LB,spin bowler,4,1,4,True,0,0,0,,,
766866,1211894,2,Shabik Ifthary,1210069,Sri Lanka Air Force Sports Club,Aravinda Akurugoda,786923,Kurunegala Youth Cricket Club,26,1211894_2_12_26,four,4,False,,1210069,12,26,0,0,0,0,30,20,1.3,0,17,82,2,68,75.0,52,7.23,8.65,157.0,120,2020-01-10,2020,"Sinhalese Sports Club Ground, Colombo",Sri Lanka,Sri Lanka Air Force Sports Club,Sri Lanka Air Force Sports Club,SLC T20,RHB,LB,spin bowler,4,1,4,True,0,0,0,,,
766867,1211894,2,Shabik Ifthary,1210069,Sri Lanka Air Force Sports Club,Aravinda Akurugoda,786923,Kurunegala Youth Cricket Club,27,1211894_2_12_27,run,2,False,,1210069,12,27,0,0,0,0,32,21,1.4,0,19,84,2,69,73.0,51,7.3,8.58,157.0,120,2020-01-10,2020,"Sinhalese Sports Club Ground, Colombo",Sri Lanka,Sri Lanka Air Force Sports Club,Sri Lanka Air Force Sports Club,SLC T20,RHB,LB,spin bowler,2,1,2,True,0,0,0,,,
766868,1211894,2,Shabik Ifthary,1210069,Sri Lanka Air Force Sports Club,Aravinda Akurugoda,786923,Kurunegala Youth Cricket Club,28,1211894_2_12_28,run,1,False,,1210069,12,28,0,0,0,0,33,22,1.5,0,20,85,2,70,72.0,50,7.28,8.64,157.0,120,2020-01-10,2020,"Sinhalese Sports Club Ground, Colombo",Sri Lanka,Sri Lanka Air Force Sports Club,Sri Lanka Air Force Sports Club,SLC T20,RHB,LB,spin bowler,1,1,1,True,0,0,0,,,
766869,1211894,2,Shabik Ifthary,1210069,Sri Lanka Air Force Sports Club,Aravinda Akurugoda,786923,Kurunegala Youth Cricket Club,30,1211894_2_12_30,no run,0,False,,1210069,12,30,0,0,0,0,33,23,3.0,0,27,95,3,72,62.0,48,7.91,7.75,157.0,120,2020-01-10,2020,"Sinhalese Sports Club Ground, Colombo",Sri Lanka,Sri Lanka Air Force Sports Club,Sri Lanka Air Force Sports Club,SLC T20,RHB,LB,spin bowler,0,1,0,True,0,0,0,,,
778628,1137482,1,Gayan Maneeshan,362892,Ace Capital Cricket Club,Dilip Tharaka,1070228,Sri Lanka Air Force Sports Club,12,1137482_1_15_12,no run,0,False,,362892,15,12,0,0,0,0,22,30,4.0,2,10,73,8,90,,0,4.86,,,0,2018-03-02,2018,"Burgher Recreation Club Ground, Colombo",Sri Lanka,Sri Lanka Air Force Sports Club,Sri Lanka Ports Authority Cricket Club,SLC Twenty-20 Tournament,LHB,OB,spin bowler,0,1,0,True,0,0,0,,,
778634,1137482,1,Prashan Wickramasinghe,428164,Ace Capital Cricket Club,Dilip Tharaka,1070228,Sri Lanka Air Force Sports Club,12,1137482_1_2_12,no run,0,False,,428164,2,12,0,0,0,0,0,2,1.0,1,1,13,1,12,,0,6.5,,,0,2018-03-02,2018,"Burgher Recreation Club Ground, Colombo",Sri Lanka,Sri Lanka Air Force Sports Club,Sri Lanka Ports Authority Cricket Club,SLC Twenty-20 Tournament,RHB,OB,spin bowler,0,1,0,True,0,0,0,,,
779760,1174798,2,Seekkuge Prasanna,268740,Sri Lanka Army,Sahan Nanayakkara,681687,Ragama Cricket Club,32,1174798_2_14_32,no run,0,False,,268740,14,32,0,0,0,0,19,12,2.2,3,13,74,5,79,87.0,41,5.62,12.73,161.0,120,2019-02-21,2019,"FTZ Sports Complex (Board of Investment), Katunayake",Sri Lanka,Ragama Cricket Club,Sri Lanka Army Sports Club,SLC T20,RHB,SLA,spin bowler,0,1,0,True,0,0,0,,,
779761,1174798,2,Seekkuge Prasanna,268740,Sri Lanka Army,Sahan Nanayakkara,681687,Ragama Cricket Club,33,1174798_2_14_33,six,6,False,,268740,14,33,0,0,0,0,25,13,2.3,3,19,80,5,80,81.0,40,6.0,12.15,161.0,120,2019-02-21,2019,"FTZ Sports Complex (Board of Investment), Katunayake",Sri Lanka,Ragama Cricket Club,Sri Lanka Army Sports Club,SLC T20,RHB,SLA,spin bowler,6,1,6,True,0,0,0,,,
779762,1174798,2,Seekkuge Prasanna,268740,Sri Lanka Army,Sahan Nanayakkara,681687,Ragama Cricket Club,34,1174798_2_14_34,run,1,False,,268740,14,34,0,0,0,0,26,14,2.4,3,20,81,5,81,80.0,39,6.0,12.3,161.0,120,2019-02-21,2019,"FTZ Sports Complex (Board of Investment), Katunayake",Sri Lanka,Ragama Cricket Club,Sri Lanka Army Sports Club,SLC T20,RHB,SLA,spin bowler,1,1,1,True,0,0,0,,,
779763,1174798,2,Seekkuge Prasanna,268740,Sri Lanka Army,Sahan Nanayakkara,681687,Ragama Cricket Club,36,1174798_2_14_36,four,4,False,,268740,14,36,0,0,0,0,30,15,2.5,3,24,85,5,83,76.0,37,6.14,12.32,161.0,120,2019-02-21,2019,"FTZ Sports Complex (Board of Investment), Katunayake",Sri Lanka,Ragama Cricket Club,Sri Lanka Army Sports Club,SLC T20,RHB,SLA,spin bowler,4,1,4,True,0,0,0,,,
779764,1174798,2,Seekkuge Prasanna,268740,Sri Lanka Army,Sahan Nanayakkara,681687,Ragama Cricket Club,37,1174798_2_14_37,run,1,False,,268740,14,37,0,0,0,0,31,16,4.0,3,30,97,5,84,64.0,36,6.92,10.66,161.0,120,2019-02-21,2019,"FTZ Sports Complex (Board of Investment), Katunayake",Sri Lanka,Ragama Cricket Club,Sri Lanka Army Sports Club,SLC T20,RHB,SLA,spin bowler,1,1,1,True,0,0,0,,,
780335,1137456,1,Keshan Wijerathne,786245,Kurunegala Youth Cricket Club,Adeesha Thilanchana,683367,Moors Sports Club,12,1137456_1_9_12,no run,0,False,,786245,9,12,0,0,0,0,0,1,1.0,1,10,69,3,54,,0,7.66,,,0,2018-02-25,2018,"Army Ground, Panagoda",Sri Lanka,Moors Sports Club,Kurunegala Youth Cricket Club,SLC Twenty-20 Tournament,RHB,LM,pace bowler,0,1,0,True,0,0,0,,,
787885,1137482,2,Danushka Bandara,545009,Sri Lanka Air Force Sports Club,Maduka Liyanapathiranage,415480,Ace Capital Cricket Club,14,1137482_2_5_14,no run,0,False,,545009,5,14,0,0,0,0,0,1,1.0,0,3,13,1,26,87.0,94,3.0,5.55,100.0,120,2018-03-02,2018,"Burgher Recreation Club Ground, Colombo",Sri Lanka,Sri Lanka Air Force Sports Club,Sri Lanka Ports Authority Cricket Club,SLC Twenty-20 Tournament,RHB,OB,spin bowler,0,1,0,True,0,0,0,,,
787886,1137482,2,Danushka Bandara,545009,Sri Lanka Air Force Sports Club,Maduka Liyanapathiranage,415480,Ace Capital Cricket Club,15,1137482_2_5_15,run,1,False,,545009,5,15,0,0,0,0,1,2,1.1,0,4,14,1,27,86.0,93,3.11,5.54,100.0,120,2018-03-02,2018,"Burgher Recreation Club Ground, Colombo",Sri Lanka,Sri Lanka Air Force Sports Club,Sri Lanka Ports Authority Cricket Club,SLC Twenty-20 Tournament,RHB,OB,spin bowler,1,1,1,True,0,0,0,,,
787887,1137482,2,Danushka Bandara,545009,Sri Lanka Air Force Sports Club,Maduka Liyanapathiranage,415480,Ace Capital Cricket Club,18,1137482_2_5_18,no run,0,False,,545009,5,18,0,0,0,0,1,3,3.0,1,14,24,2,30,76.0,90,4.8,5.06,100.0,120,2018-03-02,2018,"Burgher Recreation Club Ground, Colombo",Sri Lanka,Sri Lanka Air Force Sports Club,Sri Lanka Ports Authority Cricket Club,SLC Twenty-20 Tournament,RHB,OB,spin bowler,0,1,0,True,0,0,0,,,
791438,1211865,1,Milinda Siriwardana,222354,Saracens Sports Club,Ramesh Kumar,273753,Police Sports Club,12,1211865_1_15_12,run,1,False,,222354,15,12,0,0,0,0,51,33,1.0,0,13,125,3,90,,0,8.33,,,0,2020-01-06,2020,"Colts Cricket Club Ground, Colombo",Sri Lanka,Saracens Sports Club,Police Sports Club,SLC T20,LHB,RFM,pace bowler,1,1,1,True,0,0,0,,,
795909,1174699,1,Shehan Fernando,470085,Ragama Cricket Club,Sathik Nimalsha,1077439,Sri Lanka Navy Sports Club,12,1174699_1_3_12,run,1,False,,470085,3,12,0,0,0,0,11,9,1.5,1,16,21,2,17,,0,7.41,,,0,2019-02-15,2019,"FTZ Sports Complex (Board of Investment), Katunayake",Sri Lanka,Sri Lanka Navy Sports Club,Sri Lanka Navy Sports Club,SLC T20,RHB,RFM,pace bowler,1,1,1,True,0,0,0,,,
795913,1174699,1,Janith Liyanage,681681,Ragama Cricket Club,Sathik Nimalsha,1077439,Sri Lanka Navy Sports Club,13,1174699_1_3_13,run,1,False,,681681,3,13,0,0,0,0,2,2,2.0,1,17,22,2,18,,0,7.33,,,0,2019-02-15,2019,"FTZ Sports Complex (Board of Investment), Katunayake",Sri Lanka,Sri Lanka Navy Sports Club,Sri Lanka Navy Sports Club,SLC T20,RHB,RFM,pace bowler,1,1,1,True,0,0,0,,,
795918,1174699,1,Sameera de Zoysa,48748,Ragama Cricket Club,Sathik Nimalsha,1077439,Sri Lanka Navy Sports Club,12,1174699_1_5_12,run,1,False,,48748,5,12,0,0,0,0,7,2,3.0,2,25,33,3,30,,0,6.6,,,0,2019-02-15,2019,"FTZ Sports Complex (Board of Investment), Katunayake",Sri Lanka,Sri Lanka Navy Sports Club,Sri Lanka Navy Sports Club,SLC T20,LHB,RFM,pace bowler,1,1,1,True,0,0,0,,,
811089,1269705,2,Shamarh Brooks,230555,Jamaica Tallawahs,Raymon Reifer,450101,Barbados Royals,12,1269705_2_15_12,no run,0,False,,230555,15,12,0,0,0,0,34,32,3.0,3,25,103,6,90,59.0,30,6.86,11.8,162.0,120,2021-08-28,2021,"Warner Park, Basseterre, St Kitts",West Indies,Barbados Royals,Barbados Royals,CPL,RHB,LMF,pace bowler,0,1,0,True,0,0,0,OUTSIDE_OFFSTUMP,GOOD_LENGTH,COVER_DRIVE
815644,1318344,1,Ashan Randika,1082298,Sri Lanka Army,Tharindu Siriwardene,50660,Kalutara Town Club,12,1318344_1_2_12,no run,0,False,,1082298,2,12,0,0,0,0,7,10,0.5,0,5,8,0,11,,0,4.36,,,0,2022-06-12,2022,"Surrey Village, Maggona",Sri Lanka,Sri Lanka Army Sports Club,Sri Lanka Army Sports Club,Clubs T20,LHB,RFM,pace bowler,0,1,0,True,0,0,0,,,
815645,1318344,1,Ashan Randika,1082298,Sri Lanka Army,Tharindu Siriwardene,50660,Kalutara Town Club,13,1318344_1_2_13,run,1,False,,1082298,2,13,0,0,0,0,8,11,1.0,0,6,9,0,12,,0,4.5,,,0,2022-06-12,2022,"Surrey Village, Maggona",Sri Lanka,Sri Lanka Army Sports Club,Sri Lanka Army Sports Club,Clubs T20,LHB,RFM,pace bowler,1,1,1,True,0,0,0,,,
829162,1251576,1,Babar Azam,348144,Pakistan,Sisanda Magala,379776,South Africa,12,1251576_1_12_12,no run,0,False,,348144,12,12,0,0,0,0,32,34,1.0,0,18,90,3,72,,48,7.5,,,120,2021-04-12,2021,"The Wanderers Stadium, Johannesburg",South Africa,South Africa,Pakistan,T20I,RHB,RFM,pace bowler,0,1,0,True,140,152,7,OUTSIDE_OFFSTUMP,FULL_TOSS,SLOG_SHOT
838241,1269706,2,Kieron Pollard,230559,Trinbago Knight Riders,Rahkeem Cornwall,494581,St Lucia Kings,12,1269706_2_14_12,leg bye,1,False,,230559,14,12,0,0,0,1,2,3,2.0,0,20,83,2,84,75.0,36,5.92,12.5,158.0,120,2021-08-29,2021,"Warner Park, Basseterre, St Kitts",West Indies,St Lucia Kings,Trinbago Knight Riders,CPL,RHB,OB,spin bowler,0,1,0,True,0,0,0,ON_THE_STUMPS,FULL,FLICK
847085,854887,1,Kusal Mendis,629074,Bloomfield Cricket and Athletic Club,Sameera Wanigasekera,624029,Sri Lanka Air Force Sports Club,12,854887_1_2_12,no run,0,False,,629074,2,12,0,0,0,0,2,7,0.4,0,10,11,1,10,,0,6.6,,,0,2015-04-07,2015,"Bloomfield Cricket and Athletic Club Ground, Colombo",Sri Lanka,Bloomfield Cricket and Athletic Club,Bloomfield Cricket and Athletic Club,SLC Twenty-20 Tournament,RHB,RM,pace bowler,0,1,0,True,0,0,0,,,
847086,854887,1,Kusal Mendis,629074,Bloomfield Cricket and Athletic Club,Sameera Wanigasekera,624029,Sri Lanka Air Force Sports Club,13,854887_1_2_13,no run,0,False,,629074,2,13,0,0,0,0,2,8,0.5,0,10,11,1,11,,0,6.0,,,0,2015-04-07,2015,"Bloomfield Cricket and Athletic Club Ground, Colombo",Sri Lanka,Bloomfield Cricket and Athletic Club,Bloomfield Cricket and Athletic Club,SLC Twenty-20 Tournament,RHB,RM,pace bowler,0,1,0,True,0,0,0,,,
847087,854887,1,Kusal Mendis,629074,Bloomfield Cricket and Athletic Club,Sameera Wanigasekera,624029,Sri Lanka Air Force Sports Club,14,854887_1_2_14,no run,0,False,,629074,2,14,0,0,0,0,2,9,1.0,0,10,11,1,12,,0,5.5,,,0,2015-04-07,2015,"Bloomfield Cricket and Athletic Club Ground, Colombo",Sri Lanka,Bloomfield Cricket and Athletic Club,Bloomfield Cricket and Athletic Club,SLC Twenty-20 Tournament,RHB,RM,pace bowler,0,1,0,True,0,0,0,,,
849585,1137466,1,Dimuth Karunaratne,227772,Sinhalese Sports Club,Buddika Hasaranga,599365,Sri Lanka Navy Sports Club,12,1137466_1_13_12,no run,0,False,,227772,13,12,0,0,0,0,30,29,3.5,1,29,84,4,77,,0,6.54,,,0,2018-02-27,2018,"Burgher Recreation Club Ground, Colombo",Sri Lanka,Sinhalese Sports Club,Sinhalese Sports Club,SLC Twenty-20 Tournament,LHB,OB,spin bowler,0,1,0,True,0,0,0,,,
849586,1137466,1,Dimuth Karunaratne,227772,Sinhalese Sports Club,Buddika Hasaranga,599365,Sri Lanka Navy Sports Club,13,1137466_1_13_13,run,1,False,,227772,13,13,0,0,0,0,38,35,4.0,1,30,95,4,78,,0,7.3,,,0,2018-02-27,2018,"Burgher Recreation Club Ground, Colombo",Sri Lanka,Sinhalese Sports Club,Sinhalese Sports Club,SLC Twenty-20 Tournament,LHB,OB,spin bowler,1,1,1,True,0,0,0,,,
851486,1174781,1,Charana Nanayakkara,954537,Panadura Sports Club,Chanuka Dilshan,1135787,Moors Sports Club,12,1174781_1_12_12,run,1,False,,954537,12,12,0,0,0,0,2,3,3.0,3,17,94,6,72,,0,7.83,,,0,2019-02-19,2019,"Nondescripts Cricket Club Ground, Colombo",Sri Lanka,Moors Sports Club,Panadura Sports Club,SLC T20,RHB,SLA,spin bowler,1,1,1,True,0,0,0,,,
923952,903761,1,Andrew Puttick,46797,South Western Districts,Keith Dudgeon,596800,Gauteng,12,903761_1_7_12,run,2,False,,46797,7,12,0,0,0,0,38,26,2.0,1,9,44,2,42,,0,6.28,,,0,2015-09-26,2015,"Mangaung Oval, Bloemfontein",South Africa,South Western Districts,Gauteng,Africa T20 Cup,LHB,RFM,pace bowler,2,1,2,True,0,0,0,,,
938789,1124658,1,Ayabulela Gqamane,322818,Warriors,Ryan McLaren,46393,Knights,12,1124658_1_20_12,run,1,False,,322818,20,12,0,0,0,0,7,5,4.0,0,44,153,9,120,,0,7.65,,,0,2017-11-10,2017,"St George's Park, Port Elizabeth",South Africa,Knights,Knights,Ram Slam T20,RHB,RMF,pace bowler,1,1,1,True,0,0,0,,,
1052105,1157411,1,Alex Obanda,291844,Kenya,Tangeni Lungameni,524075,Namibia,12,1157411_1_6_12,wide,1,False,,291844,6,12,0,1,0,0,33,15,0.5,0,11,77,0,35,,0,13.2,,,0,2018-09-16,2018,"Buffalo Park, East London",South Africa,-,Namibia,Africa T20 Cup,RHB,LM,pace bowler,0,0,1,True,0,0,0,,,
1052106,1157411,1,Alex Obanda,291844,Kenya,Tangeni Lungameni,524075,Namibia,13,1157411_1_6_13,no run,0,False,,291844,6,13,0,0,0,0,33,16,1.0,0,11,77,0,36,,0,12.83,,,0,2018-09-16,2018,"Buffalo Park, East London",South Africa,-,Namibia,Africa T20 Cup,RHB,LM,pace bowler,0,1,0,True,0,0,0,,,
1064863,1257404,2,Jan Nicol Loftie-Eaton,1071473,Namibia,Cosmas Kyewuta,1107651,Uganda,12,1257404_2_3_12,run,1,False,,1071473,3,12,0,0,0,0,2,3,2.0,1,20,25,2,18,110.0,102,8.33,6.47,135.0,120,2021-04-03,2021,"Wanderers Cricket Ground, Windhoek",Namibia,Namibia,Uganda,T20I,LHB,RM,pace bowler,1,1,1,True,0,0,0,,,
1134012,1137466,1,Thisara Perera,233514,Sinhalese Sports Club,Asith Weerasuriya,543547,Sri Lanka Navy Sports Club,12,1137466_1_15_12,run,1,False,,233514,15,12,0,0,0,0,24,14,1.0,0,19,120,4,90,,0,8.0,,,0,2018-02-27,2018,"Burgher Recreation Club Ground, Colombo",Sri Lanka,Sinhalese Sports Club,Sinhalese Sports Club,SLC Twenty-20 Tournament,LHB,OB,spin bowler,1,1,1,True,0,0,0,,,
1134017,1137466,1,Thisara Perera,233514,Sinhalese Sports Club,Asith Weerasuriya,543547,Sri Lanka Navy Sports Club,12,1137466_1_17_12,no run,0,False,,233514,17,12,0,0,0,0,52,23,2.0,0,39,151,4,102,,0,8.88,,,0,2018-02-27,2018,"Burgher Recreation Club Ground, Colombo",Sri Lanka,Sinhalese Sports Club,Sinhalese Sports Club,SLC Twenty-20 Tournament,LHB,OB,spin bowler,0,1,0,True,0,0,0,,,
1158321,1324578,1,Zubaid Akbari,1015437,Hindukush Stars,Sami Totakhil,1196086,Mis Ainak Knights,12,1324578_1_1_12,no run,0,False,,1015437,1,12,0,0,0,0,0,2,1.0,0,25,25,0,6,,0,25.0,,,0,2022-08-01,2022,Kabul International Cricket Stadium,Afghanistan,Mis Ainak Knights,Hindukush Stars,SCL,LHB,RM,pace bowler,0,1,0,True,0,0,0,,,
1163235,1137482,1,Nalin Priyadarshana,359624,Ace Capital Cricket Club,Shohan Rangika,470086,Sri Lanka Air Force Sports Club,12,1137482_1_19_12,out,0,True,caught,359624,19,12,0,0,0,0,2,4,3.5,2,19,99,10,113,,0,5.25,,,0,2018-03-02,2018,"Burgher Recreation Club Ground, Colombo",Sri Lanka,Sri Lanka Air Force Sports Club,Sri Lanka Ports Authority Cricket Club,SLC Twenty-20 Tournament,RHB,OB,spin bowler,0,1,0,True,0,0,0,,,
1166019,1253131,1,Nimesh Vimukthi,1070154,Panadura Sports Club,Yasoda Mendis,1079831,Sri Lanka Army,12,1253131_1_7_12,four,4,False,,1070154,7,12,0,0,0,0,4,3,2.0,2,8,24,4,42,,0,3.42,,,0,2021-03-07,2021,"Nondescripts Cricket Club Ground, Colombo",Sri Lanka,Sri Lanka Army Sports Club,Sri Lanka Army Sports Club,SLC T20,LHB,RM,pace bowler,4,1,4,True,0,0,0,,,
1166037,1253131,1,Koshan Danuska,499596,Panadura Sports Club,Yasoda Mendis,1079831,Sri Lanka Army,12,1253131_1_9_12,leg bye,1,False,,499596,9,12,0,0,0,1,5,4,3.0,3,14,36,5,54,,0,4.0,,,0,2021-03-07,2021,"Nondescripts Cricket Club Ground, Colombo",Sri Lanka,Sri Lanka Army Sports Club,Sri Lanka Army Sports Club,SLC T20,RHB,RM,pace bowler,0,1,0,True,0,0,0,,,
1166648,1318342,1,Aravinda Akurugoda,786923,Sri Lanka Navy Sports Club,Nilanka Premaratne,360350,Kurunegala Youth Cricket Club,12,1318342_1_5_12,no run,0,False,,786923,5,12,0,0,0,0,0,3,1.3,0,23,39,0,29,,0,8.06,,,0,2022-06-12,2022,"P Sara Oval, Colombo",Sri Lanka,Sri Lanka Navy Sports Club,Kurunegala Youth Cricket Club,Clubs T20,RHB,LMF,pace bowler,0,1,0,True,0,0,0,,,
1166649,1318342,1,Aravinda Akurugoda,786923,Sri Lanka Navy Sports Club,Nilanka Premaratne,360350,Kurunegala Youth Cricket Club,13,1318342_1_5_13,no run,0,False,,786923,5,13,0,0,0,0,0,4,2.0,1,23,40,1,30,,0,8.0,,,0,2022-06-12,2022,"P Sara Oval, Colombo",Sri Lanka,Sri Lanka Navy Sports Club,Kurunegala Youth Cricket Club,Clubs T20,RHB,LMF,pace bowler,0,1,0,True,0,0,0,,,
1166696,1318342,1,Sachithra Senanayake,273439,Sri Lanka Navy Sports Club,Gihan Anjana,1257784,Kurunegala Youth Cricket Club,12,1318342_1_9_12,run,1,False,,273439,9,12,0,0,0,0,35,28,2.0,0,4,63,2,54,,0,7.0,,,0,2022-06-12,2022,"P Sara Oval, Colombo",Sri Lanka,Sri Lanka Navy Sports Club,Kurunegala Youth Cricket Club,Clubs T20,RHB,SLA,spin bowler,1,1,1,True,0,0,0,,,
1166708,1318342,1,Chathuranga Dikkumbura,1130988,Sri Lanka Navy Sports Club,Gihan Anjana,1257784,Kurunegala Youth Cricket Club,12,1318342_1_11_12,run,1,False,,1130988,11,12,0,0,0,0,6,9,3.0,0,10,78,2,66,,0,7.09,,,0,2022-06-12,2022,"P Sara Oval, Colombo",Sri Lanka,Sri Lanka Navy Sports Club,Kurunegala Youth Cricket Club,Clubs T20,LHB,SLA,spin bowler,1,1,1,True,0,0,0,,,
1188799,1174699,1,Supeshala Jayathilake,429690,Ragama Cricket Club,Tharushan Iddamalgoda,1130490,Sri Lanka Navy Sports Club,12,1174699_1_7_12,run,1,False,,429690,7,12,0,0,0,0,1,2,1.0,1,5,45,4,42,,0,6.42,,,0,2019-02-15,2019,"FTZ Sports Complex (Board of Investment), Katunayake",Sri Lanka,Sri Lanka Navy Sports Club,Sri Lanka Navy Sports Club,SLC T20,LHB,LB,spin bowler,1,1,1,True,0,0,0,,,
1193462,1137482,1,Gayan Maneeshan,362892,Ace Capital Cricket Club,Buddika Sandaruwan,416109,Sri Lanka Air Force Sports Club,12,1137482_1_8_12,run,1,False,,362892,8,12,0,0,0,0,8,10,2.0,1,6,37,5,48,,0,4.62,,,0,2018-03-02,2018,"Burgher Recreation Club Ground, Colombo",Sri Lanka,Sri Lanka Air Force Sports Club,Sri Lanka Ports Authority Cricket Club,SLC Twenty-20 Tournament,LHB,SLA,spin bowler,1,1,1,True,0,0,0,,,
1199778,1211908,1,Akeel Inham,786919,Kandy Customs Cricket Club,Nimantha Gunasiri,1138293,Nugegoda Sports Welfare Club,12,1211908_1_2_12,no run,0,False,,786919,2,12,0,0,0,0,0,1,0.5,1,7,13,1,11,,0,7.09,,,0,2020-01-12,2020,"De Zoysa Stadium, Moratuwa",Sri Lanka,Nugegoda Sports Welfare Club,Kandy Customs Cricket Club,SLC T20,RHB,RM,pace bowler,0,1,0,True,0,0,0,,,
1199779,1211908,1,Akeel Inham,786919,Kandy Customs Cricket Club,Nimantha Gunasiri,1138293,Nugegoda Sports Welfare Club,13,1211908_1_2_13,run,1,False,,786919,2,13,0,0,0,0,1,2,1.0,1,8,14,1,12,,0,7.0,,,0,2020-01-12,2020,"De Zoysa Stadium, Moratuwa",Sri Lanka,Nugegoda Sports Welfare Club,Kandy Customs Cricket Club,SLC T20,RHB,RM,pace bowler,1,1,1,True,0,0,0,,,
1200592,1137482,2,Udayawansha Parakrama,1070225,Sri Lanka Air Force Sports Club,Nalin Priyadarshana,359624,Ace Capital Cricket Club,12,1137482_2_2_12,run,2,False,,1070225,2,12,0,0,0,0,8,6,1.0,0,8,10,0,12,90.0,108,5.0,5.0,100.0,120,2018-03-02,2018,"Burgher Recreation Club Ground, Colombo",Sri Lanka,Sri Lanka Air Force Sports Club,Sri Lanka Ports Authority Cricket Club,SLC Twenty-20 Tournament,LHB,OB,spin bowler,2,1,2,True,0,0,0,,,
1203649,1137488,2,Sarinda Dassanayake,801825,Kurunegala Youth Cricket Club,Amila Madusanka,1137683,Sri Lanka Navy Sports Club,12,1137488_2_16_12,run,1,False,,801825,16,12,0,0,0,0,14,20,4.0,2,20,115,5,96,28.0,24,7.18,7.0,143.0,120,2018-03-02,2018,"Bloomfield Cricket and Athletic Club Ground, Colombo",Sri Lanka,Sri Lanka Navy Sports Club,Sri Lanka Navy Sports Club,SLC Twenty-20 Tournament,RHB,-,mixture/unknown,1,1,1,True,0,0,0,,,
1204787,1208612,2,Ahmed Hassan,387120,Maldives,Thinley Jamtsho,387041,Bhutan,12,1208612_2_1_12,run,1,False,,387120,1,12,0,0,0,0,1,3,0.5,0,12,13,0,5,105.0,115,15.6,5.47,118.0,120,2019-12-07,2019,"Tribhuvan University International Cricket Ground, Kirtipur",Nepal,Maldives,Maldives,T20I,RHB,RMF,pace bowler,1,1,1,True,0,0,0,,,
1204797,1208612,2,Mohamed Rishwan,522771,Maldives,Thinley Jamtsho,387041,Bhutan,13,1208612_2_1_13,wide,1,False,,522771,1,13,0,1,0,0,1,2,0.5,0,13,14,0,5,104.0,115,16.8,5.42,118.0,120,2019-12-07,2019,"Tribhuvan University International Cricket Ground, Kirtipur",Nepal,Maldives,Maldives,T20I,RHB,RMF,pace bowler,0,0,1,True,0,0,0,,,
1204798,1208612,2,Mohamed Rishwan,522771,Maldives,Thinley Jamtsho,387041,Bhutan,14,1208612_2_1_14,no run,0,False,,522771,1,14,0,0,0,0,1,3,1.0,0,13,14,0,6,104.0,114,14.0,5.47,118.0,120,2019-12-07,2019,"Tribhuvan University International Cricket Ground, Kirtipur",Nepal,Maldives,Maldives,T20I,RHB,RMF,pace bowler,0,1,0,True,0,0,0,,,
1248284,1267311,1,Hristo Lakov,1203898,Bulgaria,Spiridon Gasteratos,469226,Greece,12,1267311_1_1_12,no run,0,False,,1203898,1,12,0,0,0,0,4,3,1.0,1,16,16,1,6,,0,16.0,,,0,2021-06-26,2021,"National Sports Academy, Sofia",Bulgaria,-,Greece,T20I,RHB,-,mixture/unknown,0,1,0,True,0,0,0,,,
1248716,1267305,2,Slobodan Tosic,1267511,Serbia,Aswad Khan,1267506,Bulgaria,12,1267305_2_2_12,run,2,False,,1267511,2,12,0,0,0,0,8,11,0.5,0,14,16,0,11,193.0,109,8.72,10.62,209.0,120,2021-06-24,2021,"National Sports Academy, Sofia",Bulgaria,Bulgaria,Serbia,T20I,RHB,RMF,pace bowler,2,1,2,True,0,0,0,,,
1248717,1267305,2,Slobodan Tosic,1267511,Serbia,Aswad Khan,1267506,Bulgaria,13,1267305_2_2_13,no run,0,False,,1267511,2,13,0,0,0,0,8,12,1.0,0,14,16,0,12,193.0,108,8.0,10.72,209.0,120,2021-06-24,2021,"National Sports Academy, Sofia",Bulgaria,Bulgaria,Serbia,T20I,RHB,RMF,pace bowler,0,1,0,True,0,0,0,,,
1249346,1321260,1,Sivakumar Periyalwar,1198950,Romania,Gokhan Alta,1323435,Turkey,12,1321260_1_4_12,run,1,False,,1198950,4,12,0,0,0,0,2,2,1.0,1,9,30,3,24,,0,7.5,,,0,2022-07-12,2022,Kerava National Cricket Ground,Finland,Romania,Turkey,T20I,RHB,RMF,pace bowler,1,1,1,True,0,0,0,,,
1271924,1315852,2,Abhishek Anandakumara,1194800,Kalutara Town Club,Pruthuvi Rusara,1316150,Sri Lanka Navy Sports Club,12,1315852_2_10_12,no run,0,False,,1194800,10,12,0,0,0,0,28,29,2.0,0,9,47,1,60,88.0,60,4.7,8.8,135.0,120,2022-05-26,2022,"Nondescripts Cricket Club Ground, Colombo",Sri Lanka,Sri Lanka Navy Sports Club,Kalutara Town Club,Clubs T20,RHB,-,mixture/unknown,0,1,0,True,0,0,0,,,
1427587,1377068,1,Sukitha Manoj,1301855,Panadura Sports Club,Danal Hemananda,1253923,Police Sports Club,12,1377068_1_11_12,run,1,False,,1301855,11,12,0,0,0,0,6,6,2.0,0,19,82,2,66,,0,7.45,,,0,2023-06-02,2023,Colombo Cricket Club Ground,Sri Lanka,Panadura Sports Club,Panadura Sports Club,Clubs T20,LHB,LM,pace bowler,1,1,1,True,0,0,0,,,
1427592,1377068,1,Sineth Jayawardene,1302642,Panadura Sports Club,Nuwan Pradeep,324358,Police Sports Club,12,1377068_1_4_12,no run,0,False,,1302642,4,12,0,0,0,0,13,14,2.0,0,15,28,0,24,,0,7.0,,,0,2023-06-02,2023,Colombo Cricket Club Ground,Sri Lanka,Panadura Sports Club,Panadura Sports Club,Clubs T20,LHB,RFM,pace bowler,0,1,0,True,0,0,0,,,
1427608,1377068,1,Nimantha Peiris,1256531,Panadura Sports Club,Supun Madushanka,533524,Police Sports Club,12,1377068_1_6_12,six,6,False,,1256531,6,12,0,0,0,0,6,3,0.3,0,7,35,0,34,,0,6.17,,,0,2023-06-02,2023,Colombo Cricket Club Ground,Sri Lanka,Panadura Sports Club,Panadura Sports Club,Clubs T20,RHB,LB,spin bowler,6,1,6,True,0,0,0,,,
1427609,1377068,1,Nimantha Peiris,1256531,Panadura Sports Club,Supun Madushanka,533524,Police Sports Club,13,1377068_1_6_13,no run,0,False,,1256531,6,13,0,0,0,0,6,4,0.4,0,7,35,0,35,,0,6.0,,,0,2023-06-02,2023,Colombo Cricket Club Ground,Sri Lanka,Panadura Sports Club,Panadura Sports Club,Clubs T20,RHB,LB,spin bowler,0,1,0,True,0,0,0,,,
1427610,1377068,1,Nimantha Peiris,1256531,Panadura Sports Club,Supun Madushanka,533524,Police Sports Club,14,1377068_1_6_14,no run,0,False,,1256531,6,14,0,0,0,0,6,5,1.0,0,8,44,1,36,,0,7.33,,,0,2023-06-02,2023,Colombo Cricket Club Ground,Sri Lanka,Panadura Sports Club,Panadura Sports Club,Clubs T20,RHB,LB,spin bowler,0,1,0,True,0,0,0,,,
1427618,1377068,1,Sukitha Manoj,1301855,Panadura Sports Club,Asitha Jayawardana,1302756,Police Sports Club,13,1377068_1_9_13,no run,0,False,,1301855,9,13,0,0,0,0,1,2,2.0,1,11,63,2,54,,0,7.0,,,0,2023-06-02,2023,Colombo Cricket Club Ground,Sri Lanka,Panadura Sports Club,Panadura Sports Club,Clubs T20,LHB,RM,pace bowler,0,1,0,True,0,0,0,,,
1427622,1377068,1,Rajeewa Weerasinghe,227773,Panadura Sports Club,Asitha Jayawardana,1302756,Police Sports Club,12,1377068_1_17_12,run,1,False,,227773,17,12,0,0,0,0,14,9,2.5,1,25,110,5,101,,0,6.53,,,0,2023-06-02,2023,Colombo Cricket Club Ground,Sri Lanka,Panadura Sports Club,Panadura Sports Club,Clubs T20,RHB,RM,pace bowler,1,1,1,True,0,0,0,,,
1427629,1377068,1,Koshan Danuska,499596,Panadura Sports Club,Asitha Jayawardana,1302756,Police Sports Club,13,1377068_1_17_13,no run,0,False,,499596,17,13,0,0,0,0,9,11,3.0,1,25,115,5,102,,0,6.76,,,0,2023-06-02,2023,Colombo Cricket Club Ground,Sri Lanka,Panadura Sports Club,Panadura Sports Club,Clubs T20,RHB,RM,pace bowler,0,1,0,True,0,0,0,,,
1427631,1377068,1,Koshan Danuska,499596,Panadura Sports Club,Asitha Jayawardana,1302756,Police Sports Club,12,1377068_1_19_12,four,4,False,,499596,19,12,0,0,0,0,20,14,4.0,1,48,151,5,114,,0,7.94,,,0,2023-06-02,2023,Colombo Cricket Club Ground,Sri Lanka,Panadura Sports Club,Panadura Sports Club,Clubs T20,RHB,RM,pace bowler,4,1,4,True,0,0,0,,,
1427643,1377068,1,Koshan Danuska,499596,Panadura Sports Club,Nalin Priyadarshana,359624,Police Sports Club,12,1377068_1_14_12,no run,0,False,,499596,14,12,0,0,0,0,0,3,4.0,3,16,91,5,84,,0,6.5,,,0,2023-06-02,2023,Colombo Cricket Club Ground,Sri Lanka,Panadura Sports Club,Panadura Sports Club,Clubs T20,RHB,OB,spin bowler,0,1,0,True,0,0,0,,,
1433640,1347619,1,Emilio Gay,1148593,Northamptonshire,Bas de Leede,1036191,Durham,12,1347619_1_2_12,run,1,False,,1148593,2,12,0,0,0,0,2,7,0.4,0,5,13,0,10,,110,7.8,,,120,2023-06-06,2023,"Riverside Ground, Chester-le-Street",England,Durham,Durham,T20 Blast,LHB,RFM,pace bowler,1,1,1,True,59,157,7,,,VERTICAL_FORWARD_ATTACK
1433641,1347619,1,Emilio Gay,1148593,Northamptonshire,Bas de Leede,1036191,Durham,14,1347619_1_2_14,four,4,False,,1148593,2,14,0,0,0,0,6,8,1.0,0,10,18,0,12,,108,9.0,,,120,2023-06-06,2023,"Riverside Ground, Chester-le-Street",England,Durham,Durham,T20 Blast,LHB,RFM,pace bowler,4,1,4,True,66,57,8,,,LEG_GLANCE
1433644,1347619,1,Chris Lynn,326637,Northamptonshire,Bas de Leede,1036191,Durham,13,1347619_1_2_13,run,1,False,,326637,2,13,0,0,0,0,6,4,0.5,0,6,14,0,11,,109,7.63,,,120,2023-06-06,2023,"Riverside Ground, Chester-le-Street",England,Durham,Durham,T20 Blast,RHB,RFM,pace bowler,1,1,1,True,250,197,3,,,VERTICAL_FORWARD_ATTACK
1434964,1377084,1,Abisheak Liyanaarachchi,1292948,Sebastianites Cricket and Athletic Club,Udith Madushan,925357,Colts Cricket Club,12,1377084_1_2_12,run,1,False,,1292948,2,12,0,0,0,0,4,5,1.0,0,1,8,0,12,,0,4.0,,,0,2023-06-07,2023,"Nondescripts Cricket Club Ground, Colombo",Sri Lanka,Sebastianites Cricket and Athletic Club,Colts Cricket Club,Clubs T20,RHB,RFM,pace bowler,1,1,1,True,0,0,0,,,
1434968,1377084,1,Abisheak Liyanaarachchi,1292948,Sebastianites Cricket and Athletic Club,Udith Madushan,925357,Colts Cricket Club,12,1377084_1_4_12,no run,0,False,,1292948,4,12,0,0,0,0,7,11,2.0,0,4,21,0,24,,0,5.25,,,0,2023-06-07,2023,"Nondescripts Cricket Club Ground, Colombo",Sri Lanka,Sebastianites Cricket and Athletic Club,Colts Cricket Club,Clubs T20,RHB,RFM,pace bowler,0,1,0,True,0,0,0,,,
1434989,1377084,1,Tharindu Rathnayake,950405,Sebastianites Cricket and Athletic Club,Malka Madusanka,1129579,Colts Cricket Club,22,1377084_1_8_22,no run,0,False,,950405,8,22,0,0,0,0,0,1,0.1,0,0,37,0,46,,0,4.82,,,0,2023-06-07,2023,"Nondescripts Cricket Club Ground, Colombo",Sri Lanka,Sebastianites Cricket and Athletic Club,Colts Cricket Club,Clubs T20,LHB,SLA,spin bowler,0,1,0,True,0,0,0,,,
1434990,1377084,1,Tharindu Rathnayake,950405,Sebastianites Cricket and Athletic Club,Malka Madusanka,1129579,Colts Cricket Club,23,1377084_1_8_23,no run,0,False,,950405,8,23,0,0,0,0,0,2,0.2,0,0,37,0,47,,0,4.72,,,0,2023-06-07,2023,"Nondescripts Cricket Club Ground, Colombo",Sri Lanka,Sebastianites Cricket and Athletic Club,Colts Cricket Club,Clubs T20,LHB,SLA,spin bowler,0,1,0,True,0,0,0,,,
1434991,1377084,1,Tharindu Rathnayake,950405,Sebastianites Cricket and Athletic Club,Malka Madusanka,1129579,Colts Cricket Club,24,1377084_1_8_24,run,2,False,,950405,8,24,0,0,0,0,2,3,1.0,1,6,62,1,48,,0,7.75,,,0,2023-06-07,2023,"Nondescripts Cricket Club Ground, Colombo",Sri Lanka,Sebastianites Cricket and Athletic Club,Colts Cricket Club,Clubs T20,LHB,SLA,spin bowler,2,1,2,True,0,0,0,,,
1505956,1398295,1,Syed Aziz,868003,Malaysia,Nasrulla Rana,1058924,Hong Kong,12,1398295_1_4_12,six,6,False,,868003,4,12,0,0,0,0,36,18,2.0,0,33,63,0,24,,96,15.75,,,120,2023-09-19,2023,"Bayuemas Oval, Kuala Lumpur",Malaysia,Malaysia,Hong Kong,T20I,LHB,RMF,pace bowler,6,1,6,True,15,75,7,ON_THE_STUMPS,FULL,FLICK
1507031,1398296,2,Tony Ura,302845,Papua New Guinea,Syazrul Idrus,402140,Malaysia,12,1398296_2_1_12,six,6,False,,302845,1,12,0,0,0,0,8,3,1.0,0,24,24,0,6,129.0,114,24.0,6.78,153.0,120,2023-09-20,2023,"Bayuemas Oval, Kuala Lumpur",Malaysia,Papua New Guinea,Malaysia,T20I,RHB,RM,pace bowler,6,1,6,True,350,260,3,ON_THE_STUMPS,FULL,FLICK
1510168,1399104,1,Kushal Bhurtel,794713,Nepal,Nyambaatar Naranbaatar,1400097,Mongolia,12,1399104_1_3_12,run,1,False,,794713,3,12,0,0,0,0,13,10,2.0,0,30,36,0,18,,0,12.0,,,0,2023-09-27,2023,Zhejiang University of Technology Cricket Field,China,Nepal,Mongolia,T20I,RHB,-,mixture/unknown,1,1,1,True,0,0,0,,,
